mean_fit_time,std_fit_time,mean_score_time,std_score_time,param_alpha,params,split0_test_score,split1_test_score,split2_test_score,split3_test_score,split4_test_score,mean_test_score,std_test_score,rank_test_score
0.0032488346099853516,0.0010798895401617013,0.0020507335662841796,0.0005289290809398565,0.001,{'alpha': 0.001},-5.883692263321571e+23,-1.122596914696584e+22,-2.040746450010675e+21,0.9999998565048894,0.8805654105431133,-1.2032718838582672e+23,2.3405784421799315e+23,1
0.0035007476806640627,0.0004320571048906494,0.0019933700561523436,8.55280786872892e-05,0.01,{'alpha': 0.01},-1.9818752008448716e+25,-6.263937087433527e+23,-1.3488016981276249e+23,0.999991216118679,0.8890319554905689,-4.116005177400966e+24,7.854756518301431e+24,2
0.0032614707946777345,0.0004531280072225859,0.001998233795166016,0.00011757651811660928,0.1,{'alpha': 0.1},-1.4404188317378334e+26,-5.470657527101946e+24,-2.0471013798171573e+24,0.9999377213364561,0.9537550283351078,-3.0311928416140485e+25,5.690011916430722e+25,3
0.003209638595581055,0.00019562382584246033,0.002082347869873047,0.00013109414731594994,1.0,{'alpha': 1.0},-2.581647845426454e+27,-3.4798784095639297e+25,-3.483491074634244e+25,0.9981931737526261,0.6637964163792669,-5.302563080536872e+26,1.0258139463881995e+27,4
0.0033531665802001955,0.00015659258223159903,0.002181673049926758,0.00015943031666138427,10.0,{'alpha': 10.0},-3.2644247861426644e+28,-6.247909106130685e+26,-8.809330459242436e+26,0.9492874901668282,-2.0790716517905015,-6.829994363592791e+27,1.291177145180395e+28,5
0.004018354415893555,0.0007585961331975886,0.0026854991912841795,0.0004225876979330279,100.0,{'alpha': 100.0},-1.0267751429997031e+29,-3.340997814149188e+27,-6.025538866834917e+27,0.8702438897930174,-1.2836747772069081,-2.2408810196190882e+28,4.019792894119286e+28,6
