model,MAE,RMSE,R2
LinearRegression,31.929657624646364,36.04281134073817,-42.208991932011735
DecisionTree,13.82888193571429,14.876260023858626,-6.360788492831117
RandomForest,15.61937529486428,16.57306635112638,-8.135715262798842
